Scientific Name,Common Name,Species ID,Link,Plant Type,Light Preference,Water Preference,Drought Tolerant?,Native to SG?,Fruit Bearing?,Fragrant Plant?,Maximum Height,Flower Colour,Hazard,Attracted Animals,Native habitat,Mature Leaf Colour,Young Flush Leaf Colour,Leaf Area Index,Growth Rate,Trunk Texture,Trunk Colour,Leaf Texture
Abelia × grandiflora (Planch. & Linden) Traub,Glossy abelia,4055,https://www.nparks.gov.sg/florafaunaweb/flora/4/0/4055,Shrub,Full Sun,Moderate Water,False,False,False,False,"This hybrid species is a rounded, spreading, multi-stemmed shrub and can grow up to about 1 - 2 m tall and 2 - 4 m wide.",White,-,Butterfly-Attracting,Terrestrial,Green,-,-,Moderate,None,None,"Ovate leaves, dark green, glossy, opposite and simple, measuring about 2 - 5 cm long."
Abelia × grandiflora 'Francis Mason',Golden Abelia,3463,https://www.nparks.gov.sg/florafaunaweb/flora/3/4/3463,Shrub,"Full Sun, Semi Shade",Moderate Water,False,False,False,False,1.5 m,White,-,Butterfly-Attracting,-,"Green, Yellow / Golden",Red,4.5 (Shrub & Groundcover - Dicot),Moderate,None,None,"Leaves are yellow and green, elliptical in shape."
Abelia × grandiflora 'Kaleidoscope',Kaleidoscope Abelia,5038,https://www.nparks.gov.sg/florafaunaweb/flora/5/0/5038,Shrub,Full Sun,Moderate Water,False,False,False,False,60 cm to 70 cm,White,-,Butterfly-Attracting,Terrestrial,Green - Light Green,Red,-,Moderate,None,None,"Leaves are variegated of yellow and green with a tinge of orange on the younger flushes, leaf blade is elliptical in shape, with crenate margin. Leaves are sometimes whorled or oppositely arranged."
Abelia × grandiflora 'Variegata',-,4056,https://www.nparks.gov.sg/florafaunaweb/flora/4/0/4056,Shrub,"Full Sun, Semi Shade",Moderate Water,False,False,False,False,-,-,-,-,Terrestrial,-,-,-,Moderate,None,None,-
Abelmoschus esculentus (L.) Moench,Lady's Fingers,1581,https://www.nparks.gov.sg/florafaunaweb/flora/1/5/1581,"Herbaceous Plant, Shrub",Full Sun,Moderate Water,False,False,True,False,1 m to 1.8 m,Yellow / Golden,"Spines/Thorns - Stem/Branch, Spines/Thorns - Leaf",-,-,Green,Green,-,Moderate,None,None,"Leaves velvety, palmately lobed."
Abelmoschus esculentus 'Alabama Red',Lady's Finger,6691,https://www.nparks.gov.sg/florafaunaweb/flora/6/6/6691,Herbaceous Plant,Full Sun,Moderate Water,False,False,True,False,-,-,-,-,-,-,-,-,-,None,None,-
Abelmoschus esculentus 'Clemson Spineless',Lady's Finger,7453,https://www.nparks.gov.sg/florafaunaweb/flora/7/4/7453,Herbaceous Plant,Full Sun,Moderate Water,False,False,True,False,"Large, mostly herbaceous plant with woody stem near the base up to 1.8 m or more tall.",Cream / Off-White,-,-,-,Green,-,-,-,None,None,"Large, palmate leaves are deeply lobed with a toothed leaf margin."
Abelmoschus esculentus cultivars,Lady's Finger,8439,https://www.nparks.gov.sg/florafaunaweb/flora/8/4/8439,Herbaceous Plant,Full Sun,Moderate Water,False,False,True,False,-,-,-,-,-,-,-,-,-,None,None,-
Abelmoschus esculentus 'Greeny Splendor',Lady's Finger,6516,https://www.nparks.gov.sg/florafaunaweb/flora/6/5/6516,Herbaceous Plant,Full Sun,Moderate Water,False,False,True,False,0.5 m to 1 m,Cream / Off-White,-,-,-,Green,-,-,-,None,None,"Simple, palmately lobed leaves have an irregular, toothed leaf margin. The leaf blade bulges between veins, creating a bumpy, uneven surface. The petiole is long, cylindrical and sparsely covered in soft, white hairs."
Abelmoschus esculentus 'Silver Queen',Lady's Finger,8410,https://www.nparks.gov.sg/florafaunaweb/flora/8/4/8410,Herbaceous Plant,Full Sun,Moderate Water,False,False,True,False,1.8,-,-,-,Terrestrial,-,-,-,-,None,None,-
Abelmoschus esculentus 'Star of David',Lady's Finger,6690,https://www.nparks.gov.sg/florafaunaweb/flora/6/6/6690,Herbaceous Plant,Full Sun,Moderate Water,False,False,True,False,-,-,-,-,-,-,-,-,-,None,None,-
Abelmoschus manihot (L.) Medik.,Sunset Hibiscus,5813,https://www.nparks.gov.sg/florafaunaweb/flora/5/8/5813,Shrub,Full Sun,Moderate Water,False,False,True,False,1 m to 1.8 m,Yellow / Golden,-,-,Terrestrial,"Green, Green - Light Green","Green, Green - Light Green",-,Moderate,None,None,"The leaves are large, 15-30 cm in diameter, palmate-shaped with 5-9 lobes. The lobes are oblong to lanceolate shaped and sometimes pinnately lobed, measuring 8-18 cm long and 1-6 cm wide. The petiole is 6-18 cm long, stipules linear-lanceolate, sometimes there are 2 on each side of petiole, measuring 1-1.5 cm long. Leaf margin is obtusely serrated."
Abelmoschus moschatus (Span.) Borss.Waalk. subsp. tuberosus,Musk Mallow,5478,https://www.nparks.gov.sg/florafaunaweb/flora/5/4/5478,"Creeper, Herbaceous Plant",Full Sun,"Lots of Water, Moderate Water",False,False,False,False,Trailing herb up to 2 m across and 1.5 m tall.,"Red, Pink, Cream / Off-White",-,-,Terrestrial,Green,-,-,-,None,None,"Its stalked leaves are alternate, hairy and heart-shaped to 3-5 lobed, up to 15 cm long, with toothed margins."
Abroma augustum (L.) L.f.,Ulat Kambal,5350,https://www.nparks.gov.sg/florafaunaweb/flora/5/3/5350,Shrub,Full Sun,Moderate Water,True,False,False,False,4 m,Red,Spines/Thorns - Stem/Branch,-,Terrestrial,Green,-,-,Fast,None,None,"The leaves are exist in two forms, lobed and unlobed. The lobed form has longer petiole (10-40cm), 3-5 lobed blade, cordate-ovate shape and irregularly dentate margin while unlobed form has shorter petiole (1-2cm), lance shaped blade and dentate margin."
Abrus precatorius L.,Rosary pea,3480,https://www.nparks.gov.sg/florafaunaweb/flora/3/4/3480,Climber,"Full Sun, Semi Shade",Moderate Water,False,False,False,False,"Abrus precatorius is a slender, perennial climber that twines around trees, shrubs and hedges. It has no special organs of attachment.","Pink, Purple",-,-,Terrestrial (Secondary Rainforest),Green,-,-,Fast,Smooth,Brown,-
Abutilon 'Canary Bird',-,8140,https://www.nparks.gov.sg/florafaunaweb/flora/8/1/8140,Shrub,Full Sun,Moderate Water,False,False,False,False,3 m,Yellow / Golden,-,Bird-Attracting,Terrestrial,Green,Green - Light Green,-,Moderate,None,None,"Dark green, palmately-lobed leaves."
Abutilon indicum,India Abutilon,1582,https://www.nparks.gov.sg/florafaunaweb/flora/1/5/1582,Herbaceous Plant,Full Sun,Moderate Water,False,False,False,False,2.5 m,-,-,-,-,Green,-,4.5 (Shrub & Groundcover - Dicot),-,None,None,"Leaves simple, circular-ovate or heart-shaped, 5-12cm long and wide; both sides softly velvety-pubescent, alternately arranged, with coarsely crenate-serrate margins. Petiole 2-4cm, stipules subulate, 1-2mm, curved outward."
Abutilon pictum 'Thompsonii',Flowering Maple,1583,https://www.nparks.gov.sg/florafaunaweb/flora/1/5/1583,Shrub,"Full Sun, Semi Shade",Moderate Water,False,False,False,False,1.5 m,Orange,Invasive / Potentially Invasive,"Bird-Attracting (Flowers), Butterfly-Attracting",Terrestrial,"Green, Yellow / Golden","Green, Yellow / Golden",-,Fast,None,None,"Foliage is variegated with green and yellow due to the Abutilon mosaic virus which is harmless to humans. Leaf blades palmate-shaped, 3 - 5 lobes, measuring 5 - 8 cm, smooth, margin dentate or serrate, apex acuminate; stipules subulate, caducous; petiole measuring 3 - 5 cm, smooth, hairless."
Abutilon 'Souvenir de Bonn',Flowering Maple 'Souvenir de Bonn',8350,https://www.nparks.gov.sg/florafaunaweb/flora/8/3/8350,Shrub,Full Sun,Moderate Water,False,False,False,False,2.4 m to 3 m,Orange,-,Bird-Attracting,Terrestrial,"Green, Cream / Off-White","Green, Cream / Off-White",-,Moderate,None,None,Green palmately-lobed leaves with cream-white margin.
Acacia auriculiformis A. Cunn. ex Benth.,Acacia-tree,2693,https://www.nparks.gov.sg/florafaunaweb/flora/2/6/2693,Tree,Full Sun,Moderate Water,True,False,False,True,30 m,Yellow / Golden,-,Bird-Attracting,-,Green,-,3.0 (Tree - Intermediate Canopy),Fast,-,-,None
Acacia confusa,Formosan Koa,2694,https://www.nparks.gov.sg/florafaunaweb/flora/2/6/2694,Tree,Full Sun,Moderate Water,False,False,False,None,-,White,-,-,-,Green,-,3.0 (Tree - Intermediate Canopy),Fast,-,-,None
Acacia mangium Willd.,Silver Wattle,2695,https://www.nparks.gov.sg/florafaunaweb/flora/2/6/2695,Tree,Full Sun,Moderate Water,False,False,True,None,30 m,White,Spines/Thorns - Stem/Branch,Bird-Attracting,"Terrestrial (Coastal Forest, Riverine, Grassland / Savannah/ Scrubland), Shoreline (Mangrove Forest)","Green, Silver / Grey",-,3.0 (Tree - Intermediate Canopy),Fast,Fissured,"Greyish-brown to dark brown & slightly fissured in mature trees.
Greenish & smooth in young trees.",None
Acacia podalyriifolia,-,3485,https://www.nparks.gov.sg/florafaunaweb/flora/3/4/3485,Tree,Full Sun,Moderate Water,False,False,False,None,-,-,-,-,-,-,-,-,Fast,-,-,None
Acalypha aristata Kunth,Field Copperleaf,5740,https://www.nparks.gov.sg/florafaunaweb/flora/5/7/5740,Herbaceous Plant,"Full Sun, Semi Shade",Moderate Water,False,False,False,False,Annual herb that grows up to 0.2 - 0.5 m tall.,"Flowers are arranged in hairy, oval-shaped inflorescences (1.5 - 3 cm long).",-,-,-,Green,-,4.5 (Shrub & Groundcover - Dicot),-,None,None,"Leaves are deeply veined, ovate to lance-shaped with toothed leaf margin (3 - 6 cm long, 1.5 -3 cm wide)."
Acalypha chamaedrifolia (Lam.) Müll.Arg.,Red Cat's Tail,1587,https://www.nparks.gov.sg/florafaunaweb/flora/1/5/1587,Herbaceous Plant,Semi Shade,"Lots of Water, Moderate Water",False,False,False,False,"A herb, it has a prostrate and trailing growth form.",Red,-,-,Terrestrial,Green,Green,4.5 (Shrub & Groundcover - Dicot),Fast,None,None,"The leaves are ovate in shape and have a rounded base and acute apex and are held in opposie pairs along the stem. The leaves have a crenate-dentate margin, is covered with hairs and measure about 5 to 3.5 cm long and 1.5 cm wide."
Acalypha godseffiana 'Heterophylla',Copper Leaf,1585,https://www.nparks.gov.sg/florafaunaweb/flora/1/5/1585,Shrub,"Full Sun, Semi Shade",Moderate Water,False,False,False,False,4 m,White,-,-,-,"Green, Red, Pink","Green, Pink",4.5 (Shrub & Groundcover - Dicot),Fast,None,None,"Leaves simple, alternate, dark green, narrowly elliptic, with pink, wavy or toothed margins."
Acalypha hispida Burm.f.,Chenille Plant,1586,https://www.nparks.gov.sg/florafaunaweb/flora/1/5/1586,Shrub,"Full Sun, Semi Shade","Lots of Water, Moderate Water",False,False,False,False,1.5 m to 4.5 m,Red,Toxic Upon Ingestion,-,Terrestrial,Green,Green,4.5 (Shrub & Groundcover - Dicot),Moderate,None,None,"Simple, alternate leaves measuring about 10 - 20 cm long and 7 - 10 cm wide."
Acalypha indica L.,Copperleaf,5964,https://www.nparks.gov.sg/florafaunaweb/flora/5/9/5964,Herbaceous Plant,"Full Shade, Semi Shade","Lots of Water, Moderate Water",False,False,False,False,1 m,Green,-,-,Terrestrial,Green,-,-,-,None,None,Egg-shaped leaves occur in a whorled leaf arrangement (3 or more leaves attached to the same point on the stem).
Acalypha siamensis,Tumput,1588,https://www.nparks.gov.sg/florafaunaweb/flora/1/5/1588,Shrub,"Full Sun, Semi Shade",Moderate Water,False,False,False,False,"Shrub, able to grow up to 2.5 m tall.",Green,-,-,Terrestrial,Green,-,4.5 (Shrub & Groundcover - Dicot),Moderate,None,None,"The leaves have a short petiole, pubescent, serrated along the margins, elliptic to obovate in shape, alternately arranged."
Acalypha siamensis (Variegated Leaf),-,1589,https://www.nparks.gov.sg/florafaunaweb/flora/1/5/1589,Shrub,Full Sun,Moderate Water,False,False,False,False,"Compact shrub, able to grow to about 1 - 2 m tall and 1 - 2 m wide.",Green - Light Green,-,-,Terrestrial,"Green, Yellow / Golden, White",-,4.5 (Shrub & Groundcover - Dicot),Moderate,None,None,"Green leaves with patches of white, having a short petiole, serrated along the margins, elliptic to obovate in shape, alternately arranged,"
Acalypha wilkesiana 'Hoffmannii',Jacob's Coat 'Hoffmannii',1590,https://www.nparks.gov.sg/florafaunaweb/flora/1/5/1590,Shrub,"Full Sun, Semi Shade","Lots of Water, Moderate Water",False,False,False,False,2.5 m,Green,-,-,Terrestrial,"Green, Yellow / Golden, White","Green, White, Yellow / Golden",4.5 (Shrub & Groundcover - Dicot),Moderate,None,None,"Leaves are margined with cream-coloured lobes, large and broad leaf blades."
Acalypha wilkesiana 'Java White','Java White' Copper Leaf,1591,https://www.nparks.gov.sg/florafaunaweb/flora/1/5/1591,Shrub,Semi Shade,"Lots of Water, Moderate Water",False,False,False,False,Shrub which grows to about 2 - 3 m high and 2 m wide,Red,-,-,Terrestrial,"Green, Yellow / Golden","Green - Light Green, Yellow / Golden",4.5 (Shrub & Groundcover - Dicot),Moderate,None,None,Bright yellow to light green foliage with irregular splashes of green
Acalypha wilkesiana 'Moorea',WiIkes' AcaIypha,1592,https://www.nparks.gov.sg/florafaunaweb/flora/1/5/1592,Shrub,"Full Sun, Semi Shade","Lots of Water, Moderate Water",False,False,False,False,It is a spreading and erect shrub growing up to 2 - 3 m.,Pink,-,-,Terrestrial,"Green, Purple, Red",-,4.5 (Shrub & Groundcover - Dicot),Moderate,None,None,"Leaves are large, round palmate-like leaves with serrated margin, coppery-bronze to green in colour."
Acalypha wilkesiana 'Mosaica',Fire Fiji Plant,1593,https://www.nparks.gov.sg/florafaunaweb/flora/1/5/1593,Shrub,"Full Sun, Semi Shade","Lots of Water, Moderate Water",False,False,False,False,"Erect or spreading shrub, up to 2 m tall.","Flowers are borne on spikes, usually measuring about 10 - 20 cm long.",-,-,Terrestrial,"Green, Purple, Red","Orange, Red, Green - Light Green",4.5 (Shrub & Groundcover - Dicot),Moderate,None,None,"Large and broad leaves with toothed edges, measuring about 10 - 20 cm long and 15 - 20 cm wide."
Acanthus ebracteatus (Variegated),Variegated Sea Holly,1595,https://www.nparks.gov.sg/florafaunaweb/flora/1/5/1595,"Herbaceous Plant, Shrub","Full Sun, Semi Shade",Lots of Water,False,False,False,False,1.5 m,White,"Spines/Thorns - Stem/Branch, Spines/Thorns - Leaf",-,"Shoreline (Mangrove Forest, Mudflat)","Green, Yellow / Golden, White",-,4.5 (Shrub & Groundcover - Dicot),-,None,None,"Oblong, lobed leaves have sharp spines along the leaf margin. Smooth, shiny leaves have a variegated pattern of mostly green with white to cream-coloured patches concentrated mostly along the leaf margin, but sometimes covering more than half the leaf."
Acanthus ebracteatus Vahl,Sea Holly,1594,https://www.nparks.gov.sg/florafaunaweb/flora/1/5/1594,Shrub,"Full Sun, Semi Shade",Lots of Water,False,True,False,False,1.5 m to 2 m,White,"Spines/Thorns - Stem/Branch, Spines/Thorns - Leaf",-,Shoreline (Mangrove Forest),Green,-,4.5 (Shrub & Groundcover - Dicot),Moderate,None,None,"Its opposite, stalked
leaves have leaf blades that are oblong to oval, with toothed leaves that are
deeply lobed with spine tips along the leaf margin, shiny dark green above,
dark green below, and 7.5–20 by 2.5–6.5 cm."
Acanthus ilicifolius L.,Mangrove HoIIy,3487,https://www.nparks.gov.sg/florafaunaweb/flora/3/4/3487,Shrub,"Full Sun, Semi Shade",Lots of Water,False,True,False,False,3 m,"Purple, White",-,Bird-Attracting (Flowers),-,Green - Light Green,-,-,-,None,None,"Its opposite, shortly-stalked leaves possess spiny leaf blades that are oval to oblong, pale green with a yellowish tinge above and green below, and 5–22 cm by 2–7 cm."
Acanthus mollis,Bear's Breeches,4898,https://www.nparks.gov.sg/florafaunaweb/flora/4/8/4898,Herbaceous Plant,"Full Sun, Semi Shade",Moderate Water,False,False,False,False,0.9 m to 1.5 m,"White, Pink","Aggressive Roots, Invasive / Potentially Invasive",-,Terrestrial,Green,Green,-,Fast,None,None,"The glossy, dark green leaves are large up to 0.6 m long. They are deeply lobed and soft-spiny, growing near the base of the plant."
Acanthus volubilis Wall.,Jeruju,6527,https://www.nparks.gov.sg/florafaunaweb/flora/6/5/6527,Shrub,"Full Sun, Semi Shade",Lots of Water,False,True,False,False,"Semi-erect to climbing plant, has thin, dark-green, smooth stems, 4 - 8 m in height.",White,-,-,Shoreline (Mangrove Forest),Green,-,-,Fast,None,None,"Leaf blades are smooth, entire or slightly lobed, usually without spines, fleshy to leathery, oblong-lanceolate, measuring 2.5 - 5 by 7 - 9 cm and have a blunt tip. Simple, opposite leaves with a leaf stalk about 1.0 cm long, slightly flattened and green."
Acca sellowiana,Feijoa,4165,https://www.nparks.gov.sg/florafaunaweb/flora/4/1/4165,"Shrub, Tree",Full Sun,Moderate Water,False,False,True,None,-,Red,-,-,Terrestrial,"Green, Silver / Grey",-,-,Moderate,-,-,-
Achillea sp.,Yarrow,5346,https://www.nparks.gov.sg/florafaunaweb/flora/5/3/5346,Shrub,Full Sun,"Little Water, Moderate Water",True,False,False,False,-,White,-,-,Terrestrial,Green,-,-,Moderate,None,None,"The leaves are bipinnatified, the segments very finely cut, fern like, giving the leaves a feathery appearance."
Achimenes 'Ambrose Verschaffelt',-,7073,https://www.nparks.gov.sg/florafaunaweb/flora/7/0/7073,Herbaceous Plant,Semi Shade,"Moderate Water, Occasional Misting",False,False,False,False,"It is a rhizomatous herb that produces flowers in abundance (floriferous), measuring up to 30 cm in height. It often form horizontal shoots (semi prostrate) as the growing season progresses","Purple, Yellow / Golden",-,-,-,Green,-,-,Moderate,None,None,"Its leaves are dark green in colour, up to 3 cm long. Leaves are covered in sparse hairs and have a toothed margin."
Achimenes 'Orange Delight',-,5681,https://www.nparks.gov.sg/florafaunaweb/flora/5/6/5681,Herbaceous Plant,Semi Shade,"Lots of Water, Moderate Water",False,False,False,False,"It is a hairy rhizomatous herb that produces flowers in abundance (floriferous), measuring up to 30 cm in height.","Red, Orange",-,-,-,"Brown, Green, Red",-,-,Moderate,None,None,Its leaves are olive green with pale red underside measuring up to 3 cm long. The leaves are covered in sparse hairs and have a toothed margin.
Achimenes 'Robert Dressler',-,7070,https://www.nparks.gov.sg/florafaunaweb/flora/7/0/7070,Herbaceous Plant,Semi Shade,"Lots of Water, Moderate Water, Occasional Misting",False,False,False,False,"It is a rhizomatous herb that produces flowers in abundance (floriferous), measuring up to 30 cm in height.",Purple,-,-,-,Green,-,-,Moderate,None,None,"Its leaves are dark green in colour, up to 3 cm long. Leaves are covered in sparse hairs and have a toothed margin."
Achyranthes aspera L.,Devil's Horsewhip,5967,https://www.nparks.gov.sg/florafaunaweb/flora/5/9/5967,Herbaceous Plant,Semi Shade,Moderate Water,False,False,False,False,0.2 m to 1.2 m,Green,-,-,Terrestrial (Disturbed Area / Open Ground),Green,Silver / Grey,-,Moderate,None,None,"Green, papery leaves (1.5-7 cm long, 0.4-4 cm wide) are broadly obovate (egg-shaped) or elliptic-oblong (oval-elongated). They are hairy on both sides."
Acmella oleracea (L.) R.K.Jansen,Toothache Plant,5201,https://www.nparks.gov.sg/florafaunaweb/flora/5/2/5201,Herbaceous Plant,"Full Sun, Semi Shade",Moderate Water,False,False,True,True,30 cm to 45 cm,"Red, Yellow / Golden",-,-,Terrestrial,Green,-,-,-,None,None,"Leaves are egg-shaped to triangular with a toothed leaf margin (5-11 cm long, 4-8 cm wide)."
Acmella paniculata (Wall. ex DC.) R.K.Jansen,Toothache Plant,2472,https://www.nparks.gov.sg/florafaunaweb/flora/2/4/2472,Herbaceous Plant,Full Sun,"Lots of Water, Moderate Water",False,False,False,False,30 cm to 80 cm,Orange,-,-,Terrestrial,Green,-,4.5 (Shrub & Groundcover - Dicot),Moderate,None,None,Leaves are egg- or lance-shaped with a toothed leaf margin and rough surface on both sides.
Acmella uliginosa (Sw.) Cass.,沼生金纽扣,5784,https://www.nparks.gov.sg/florafaunaweb/flora/5/7/5784,Herbaceous Plant,Full Sun,Moderate Water,False,False,False,False,0.1 m to 0.3 m,Yellow / Golden,-,-,Terrestrial,Green,-,4.5 (Shrub & Groundcover - Dicot),Moderate,None,None,Leaves are lanceolate or narrowly ovate.
Acmena smithii var. minor 'Cherry Surprise',-,5795,https://www.nparks.gov.sg/florafaunaweb/flora/5/7/5795,Shrub,Full Sun,"Little Water, Moderate Water",False,False,False,False,"A compact, low-growing shrub able to grow up to 2 - 5 m tall.",-,-,-,Terrestrial,Green,Red,-,Moderate,None,None,"The leaves are green with an entire margin, an acuminate apex and a conspicuous midrib. The petioles are pink in colour. The young leaves are red in colour."
Acorus calamus L.,Calamus,3491,https://www.nparks.gov.sg/florafaunaweb/flora/3/4/3491,-,Full Sun,Lots of Water,False,False,False,None,1 m,"The flowers are bisexual and consist of 6 tepals, 6 stamens and a sessile stigma.",Toxic Upon Ingestion,-,Aquatic (Freshwater Pond / Lake / River),Green,-,-,-,None,None,None
Acriopsis indica C.Wright,合萼兰,6621,https://www.nparks.gov.sg/florafaunaweb/flora/6/6/6621,Epiphyte,Semi Shade,Moderate Water,False,False,False,False,"A sympodial epiphyte, it has a clumping growth form.","White, Yellow / Golden",-,-,Terrestrial,-,-,-,Moderate,None,None,"The pseudobulbs are oblong-ovoid in shape, each bearing 2 to 3 leaves. The leaves are narrow-oblong in shape and measure 7 to 7.5 cm long and 0.3 to 0.4 cm wide."
Acriopsis liliifolia (Koen.) Ormerod,-,6484,https://www.nparks.gov.sg/florafaunaweb/flora/6/4/6484,Epiphyte,Semi Shade,Moderate Water,False,True,False,False,"A sympodial epiphyte, it has a clumping growth form.","Purple, White",-,-,Terrestrial,-,-,-,Moderate,None,None,The pseudobulbs each bear 2 leaves that are small and elliptic in shape.
Acrostichum aureum L.,Leather Fern,1535,https://www.nparks.gov.sg/florafaunaweb/flora/1/5/1535,Herbaceous Plant,"Full Sun, Semi Shade",Lots of Water,False,True,True,False,1 m to 3 m,-,-,-,"Aquatic (Brackish Pond / Lake / River), Shoreline (Mangrove Forest)",Green,Orange,-,Fast to Moderate,None,None,"Dark green, erect fronds are composed of 24 - 30 pinnae (leaflet-like structure) in alternate arrangement (1 - 4 m long, 0.12 - 0.5 m wide). The petiole of the frond (known as the stipe) is usually about 1 m long. The 5 - 8 pairs of pinnae near the tip are fertile with their underside covered in reddish brown sporangia (except the midrib), while the remaining pinnae are infertile. The pinnae are oblong with a blunt tip (8 - 50 cm long, 1 - 7 cm wide) and bright red when immature."
Acrostichum speciosum Willd.,Mangrove Fern,1536,https://www.nparks.gov.sg/florafaunaweb/flora/1/5/1536,Herbaceous Plant,"Full Shade, Semi Shade",Lots of Water,False,True,False,False,2 m,-,-,-,Shoreline (Mangrove Forest),Green,-,-,Moderate,None,None,Large fronds are pinnately compound (up to 2 m long). The opposite pinnae are oblong with a sharply pointed tip (15 cm long). The fertile pinnae are smaller than the sterile ones and form dark brown sporangia that cover the entire underside.
Acrotrema costatum Jack,Yellow Jungle Star,3739,https://www.nparks.gov.sg/florafaunaweb/flora/3/7/3739,"Creeper, Herbaceous Plant, Shrub","Full Shade, Semi Shade",Moderate Water,False,False,False,False,0.2 m to 0.3 m,Yellow / Golden,-,-,"Terrestrial (Secondary Rainforest, Monsoon Forest)","Green, Silver / Grey",-,4.5 (Shrub & Groundcover - Dicot),Moderate,None,None,"Mature leaves large (up to 16cm long), thick, distinctly and numerously veined, with tomentose abadxial nerves and toothed margins. Either totally green or variegated with a central feather-shaped silvery-grey stripe. Young leaves soft, densely tomentose on both surfaces, emerging reddish and aging to coppery and light green. Leaves crowded along short internodes, giving plant a rosette appearance."
Actinodaphne macrophylla (Blume) Nees,-,3494,https://www.nparks.gov.sg/florafaunaweb/flora/3/4/3494,Tree,Full Sun,Moderate Water,False,True,False,None,-,-,-,-,-,-,-,-,Moderate,-,-,None
Actinodaphne malaccensis Hook.f.,-,5449,https://www.nparks.gov.sg/florafaunaweb/flora/5/4/5449,Tree,"Full Sun, Semi Shade",Moderate Water,False,True,False,None,-,-,-,-,Terrestrial,-,-,-,Moderate,-,-,None
Actinorhytis calapparia,Pinang Penawar,3259,https://www.nparks.gov.sg/florafaunaweb/flora/3/2/3259,Palm,Full Sun,Moderate Water,False,False,False,None,"It is a tall solitary palm, up to 15m tall. Trunk is marked with leaf scars and presence of a large cluster of roots at the base.","Inflorescence is highly branched and consist of both male and female flowers (monoecious). Male flowers are asymmetrical in bud. Female flowers are globular, much larger than male flowers at maturity.",-,-,Terrestrial,Green,-,-,Fast,-,-,None
Actinostachys digitata (L.) Wall.,Grass Fern,1574,https://www.nparks.gov.sg/florafaunaweb/flora/1/5/1574,Herbaceous Plant,"Full Sun, Semi Shade",Moderate Water,False,True,False,False,20 cm to 35 cm,-,-,-,"Terrestrial (Primary Rainforest, Secondary Rainforest, Coastal Forest, Disturbed Area / Open Ground)",Green,-,-,Fast to Moderate,None,None,"Its fronds (leaves) are erect,
grass-like, 20–35 cm by 2–3.5 cm, with a prominent midrib, and bearing at the
apex a digitate group of up to 18 fertile lobes, 2.5–4 cm by 1 mm."
Adansonia digitata L.,Baobab,2696,https://www.nparks.gov.sg/florafaunaweb/flora/2/6/2696,Tree,Full Sun,Little Water,True,False,False,True,"Large tree with a trunk that has an enormous girth, able to grow up to about 10 - 25 m tall.",White,-,Bat Food,Terrestrial,Green,-,3.0 (Tree - Intermediate Canopy),Moderate,"Girth size usually between 3 - 10 m, but sometimes can reach up to 28 m wide. Bark is thick and fibrous and resistant to fire, termites and drought.","Girth size usually between 3 - 10 m, but sometimes can reach up to 28 m wide. Bark is thick and fibrous and resistant to fire, termites and drought.",None
Adenanthera malayana Kosterm. subsp. malayana,-,3495,https://www.nparks.gov.sg/florafaunaweb/flora/3/4/3495,Tree,"Full Sun, Semi Shade",Moderate Water,False,True,False,None,45 m,"White, Yellow / Golden",-,-,Terrestrial,Green,-,-,Moderate,-,-,None
Adenanthera pavonina L.,Saga,2697,https://www.nparks.gov.sg/florafaunaweb/flora/2/6/2697,Tree,Full Sun,Moderate Water,False,False,False,True,25 m to 40 m,"Cream / Off-White, Yellow / Golden",Toxic Upon Ingestion,"Bird-Attracting, Butterfly Host Plant (Associated with: Polyura hebe plautus (Fruhstorfer, 1898))","Terrestrial (Primary Rainforest, Secondary Rainforest, Coastal Forest)",Green,-,3.0 (Tree - Intermediate Canopy),Fast,Smooth,Pinkish-brown to grey,None
Adenia cordifolia (Blume) Engl.,-,6671,https://www.nparks.gov.sg/florafaunaweb/flora/6/6/6671,Climber,Semi Shade,Moderate Water,False,False,False,False,20 m,-,-,-,-,Green,-,-,Fast,None,None,"Round to heart-shaped leaves (9 cm long, 7.5 cm wide) have 2 glands at the base of the leaf blade. The tendrils are 5-7 cm long."
Adenia macrophylla var. singaporiana,Large-leafed Adenia,1297,https://www.nparks.gov.sg/florafaunaweb/flora/1/2/1297,Climber,"Full Sun, Semi Shade",Moderate Water,False,True,False,False,25 m,"Green, Yellow / Golden","Irritant - Sap, Toxic Upon Ingestion",Butterfly Host Plant,"Terrestrial (Primary Rainforest, Secondary Rainforest)",Green,-,-,Moderate,None,None,"Its alternate, stalked leaves have thickly leathery blades that are usually oblong to lanceolate-shaped, and 5–15 by 1.8–8 cm, with two spoon-shaped glands at either side of the base, whitish green on the underside of the leaves. Leaf tip acute to acuminate, leaf base acute to rounded,"
Adenium hybrids,-,8440,https://www.nparks.gov.sg/florafaunaweb/flora/8/4/8440,Herbaceous Plant,Full Sun,"Little Water, Moderate Water",False,False,False,False,-,-,-,-,-,-,-,-,-,None,None,-
Adenium obesum (Forssk.) Roem. & Schult,Desert Rose,1596,https://www.nparks.gov.sg/florafaunaweb/flora/1/5/1596,Herbaceous Plant,Full Sun,Little Water,True,False,False,False,0.5 m to 2 m,Pink,Toxic Upon Ingestion,-,-,Green,-,4.5 (Shrub & Groundcover - Dicot),Slow,None,None,"Smooth, glossy green leaves are obovate with entire leaf margin and truncate or rounded leaf apex. Leaves are spirally arranged."
Adenium obesum cultivars,-,8441,https://www.nparks.gov.sg/florafaunaweb/flora/8/4/8441,Herbaceous Plant,Full Sun,Little Water,True,False,False,False,-,-,-,-,-,-,-,-,-,None,None,-
Adenosma javanica (Blume) Merr.,卵萼毛麝香,5143,https://www.nparks.gov.sg/florafaunaweb/flora/5/1/5143,Herbaceous Plant,"Full Sun, Semi Shade",Moderate Water,False,True,False,False,Herbaceous plant with a creeping growth habit.,Light red flowers occur singly in the leaf axils (the space between the leaf and stem).,-,-,Terrestrial,-,-,-,Fast to Moderate,None,None,"Leaves are ovate (0.6 - 2.5 cm long, 0.4 - 1.5 cm wide)."
Adiantum hispidulum Sw.,Rough Maidenhair Fern,6770,https://www.nparks.gov.sg/florafaunaweb/flora/6/7/6770,Herbaceous Plant,Semi Shade,Moderate Water,False,False,False,False,"Small to medium-sized fern, able to grow up to 40 - 50 cm tall and with a spread of 30 - 50 cm wide.",-,-,-,Terrestrial,Green,-,-,Slow,None,None,"Dark green fronds are bipinnate to tripinnate, lamina reaching about 20 - 30 cm long; each frond is divided into 6 - 10 pinnae, (middle pinna usually the longest), and each pinna usually has 20 - 30 pairs of pinnules; sori usually 6 - 14 on the undersides of each pinnule, dark brown false indusia; stipe dark brown and measures about 20 cm long."
Adiantum latifolium Lam.,-,5694,https://www.nparks.gov.sg/florafaunaweb/flora/5/6/5694,Herbaceous Plant,"Full Shade, Semi Shade","Moderate Water, Occasional Misting",False,False,False,False,Terrestrial fern to 20cm tall. forming dense stands where growing conditions are ideal.,-,-,-,Terrestrial,Green,"Pink, Red",-,Fast,None,None,"Fronds to 30cm in length, mid green, in younger specimens often pinnate, with the lamina becoming bipinnate at base and simple pinnate at the apex in mature specimens. Juvenile fronds with a pale reddish flush. Sori oblong, on upper edge and distal half of the lower edge of the pinnae."
Adiantum peruvianum Klotzsch,Silver Dollar Maidenhair,1538,https://www.nparks.gov.sg/florafaunaweb/flora/1/5/1538,Herbaceous Plant,"Full Shade, Semi Shade","Moderate Water, Occasional Misting",False,False,False,False,0.5 m,-,-,-,-,Green,-,-,Fast to Moderate,None,None,"Each pinna holds a glossy green pinnule (leaflet) that is trapezoid (diamond-shaped). The two margins of the leaflet leading away from the pinna are smooth, whilst the two margins leading towards the apex are crenate. The entire fronds arch gracefully."
Adiantum raddianum C. Presl,Delta Maidenhair Fern,3497,https://www.nparks.gov.sg/florafaunaweb/flora/3/4/3497,"Creeper, Shrub",Semi Shade,Moderate Water,False,False,False,False,0.3 m to 0.6 m,-,-,-,Terrestrial,Green,-,-,Moderate,None,None,"Petioles are glabrous, dark reddish, in bundles approximately 9.5-33cm in length, scales present at the base. Fronds are tripinnate, measuring 9.5-33 × 4.5-22cm. 7-13 pairs of leaflets, fan-shaped, light green but darkens with age. Leaflets have a cuneate base, rounded and wavy margin. It measures up to 1cm wide. Numerous spore cases, very small in size surrounded by a pale or whitish kidney-shaped membrane."
Adiantum tenerum Sw.,Black-Stick Maidenhair,1537,https://www.nparks.gov.sg/florafaunaweb/flora/1/5/1537,Herbaceous Plant,Semi Shade,"Moderate Water, Occasional Misting",False,False,False,False,-,-,-,-,-,Green,-,-,Fast to Moderate,None,None,-
Adina eurhyncha (Miq.) Å.Krüger & Löfstrand,-,7730,https://www.nparks.gov.sg/florafaunaweb/flora/7/7/7730,Tree,"Full Sun, Semi Shade",Moderate Water,False,True,False,None,30 m,"Its flowers are arranged in 1.5–4.5 cm clusters and each has 5 corolla lobes that are 0.5 mm long, covered sparsely with hair.",-,Bird-Attracting,Terrestrial,Green,-,-,Moderate,-,-,None
Adinandra dumosa Jack,Tiup-tiup,2698,https://www.nparks.gov.sg/florafaunaweb/flora/2/6/2698,Tree,Full Sun,Moderate Water,False,True,False,None,20 m,White,-,Bat Food,"Terrestrial (Secondary Rainforest, Disturbed Area / Open Ground)",Green,"Pink, Red",3.0 (Tree - Intermediate Canopy),Moderate,-,-,None
Adinobotrys atropurpureus (Wall.) Dunn,Tulang Daing,2769,https://www.nparks.gov.sg/florafaunaweb/flora/2/7/2769,Tree,Full Sun,Moderate Water,False,False,False,True,30 m,"Purple, Red",-,-,-,Green,-,4.0 (Tree - Dense Canopy),Moderate,Smooth,Light grey,None
"Adonidia dransfieldii K.M.Wong, Sugau & Y.W.Low",-,5399,https://www.nparks.gov.sg/florafaunaweb/flora/5/3/5399,Palm,Full Sun,Moderate Water,False,False,False,None,7 m,"Inflorescence occurs outside the leaves, and branches up to 4 orders. It is 75 – 90 cm long, glabrous, white to pale green colour, and comprises of both male and female flowers. Male flower has 25 – 35 stamens, and mature before the female flowers. Female flower has 2 or 3 stigmas which are recurved at anthesis.",-,-,Terrestrial,-,-,-,Moderate,"Stem is ringed with leaf scars, without vertical-wavy striations across internodes. Crownshaft is pale green to yellow-green.","Stem is ringed with leaf scars, without vertical-wavy striations across internodes. Crownshaft is pale green to yellow-green.",None
Adonidia merrillii (Becc.) Becc.,Manila Palm,2688,https://www.nparks.gov.sg/florafaunaweb/flora/2/6/2688,Palm,Full Sun,Moderate Water,False,False,False,None,5 m to 15 m,Cream / Off-White,-,-,"Terrestrial (Primary Rainforest), Shoreline (Sandy Beach)",Green,-,2.5 (Palm - Solitary),Moderate,Smooth,-,None
Aechmea blanchetiana 'Orangeade',Orangeade Bromeliad,7171,https://www.nparks.gov.sg/florafaunaweb/flora/7/1/7171,Herbaceous Plant,"Full Sun, Semi Shade","Little Water, Moderate Water",True,False,False,False,A herbaceous shrub with a rosette growth form.,Red,Spines/Thorns - Leaf,Bird-Attracting (Flowers),Terrestrial,Orange,-,-,-,None,None,"The most notable characteristic of this plant is the brilliant orange leaves. The leaves are arranged in a tight rosette form, stiff and edged with small spines."
Aechmea chantinii (Carrière) Baker,Amazonian Zebra Plant,1602,https://www.nparks.gov.sg/florafaunaweb/flora/1/6/1602,Herbaceous Plant,"Full Sun, Semi Shade",Little Water,False,False,False,False,Aechmea chantinii is a herbaceous plant with a rosette growth form.,"Red, Yellow / Golden",Spines/Thorns - Leaf,-,-,"Green, Silver / Grey",-,3.5 (Shrub & Groundcover - Monocot),Fast,None,None,"The leaves of Aechmea chantinii are green with silver strips, stiff, edged with many small spines."
Aechmea fasciata,Urn Plant,1603,https://www.nparks.gov.sg/florafaunaweb/flora/1/6/1603,Shrub,Semi Shade,Little Water,False,False,False,False,"An epiphyte, it has a clumping growth form.","Pink, Purple",-,-,-,"Green, Silver / Grey",-,3.5 (Shrub & Groundcover - Monocot),Fast,None,None,"The leaves are elliptic in shape, silver-green in colour and arranged in a rosette. The leaf margins have black spines."
Aechmea fulgens var. discolor,Two-coloured Coralberry,1604,https://www.nparks.gov.sg/florafaunaweb/flora/1/6/1604,Herbaceous Plant,Semi Shade,Moderate Water,False,False,False,False,A herbaceous plant with a rosette growth form.,"Red, White, Purple",Spines/Thorns - Leaf,-,-,"Green, Purple",-,3.5 (Shrub & Groundcover - Monocot),Fast,None,None,"The upperside of the leaf (adaxial surface) is green, while the underside (abaxial surface) is purplish colored. Leaves are stiff, edged with small spines."
Aechmea gamosepala 'Lucky Stripes',-,3498,https://www.nparks.gov.sg/florafaunaweb/flora/3/4/3498,Herbaceous Plant,Semi Shade,Moderate Water,False,False,False,False,A herbaceous shrub with a rosette growth form.,"Blue, Pink",-,-,Terrestrial,"Cream / Off-White, Green",-,-,-,None,None,"Leaves are arranged in a rosette form, spineless, green with creamy-white strips on edges."
Aechmea gamosepala Wittm. var. nivea,-,6567,https://www.nparks.gov.sg/florafaunaweb/flora/6/5/6567,Epiphyte,Semi Shade,Moderate Water,False,False,False,False,"An epiphyte, it has a clumping growth form.",Purple,-,-,Terrestrial,-,-,-,-,None,None,"The leaves are soft, green and arranged in a rosette."
Aechmea macrochlamys L.B.Sm.,-,6025,https://www.nparks.gov.sg/florafaunaweb/flora/6/0/6025,Herbaceous Plant,Full Sun,Moderate Water,False,False,False,False,-,"The flower inflorescence is 30 to 40cm in length with sessile, sub-erect flowers.",Spines/Thorns - Leaf,-,-,Green,-,-,-,None,None,"The simple leaves are arranged in a rosette and are ligulate and broadly acute. The leaf margins are covered with dark, serrated spines up to 5mm long."
Aechmea mulfordii 'Rubra',-,7172,https://www.nparks.gov.sg/florafaunaweb/flora/7/1/7172,Herbaceous Plant,"Full Sun, Semi Shade",Moderate Water,False,False,False,False,A herbaceous shrub with a rosette growth form.,Yellow / Golden,Spines/Thorns - Leaf,-,Terrestrial,"Green, Purple",-,-,-,None,None,"Leaves are green, purple to burgundy-colored, arranged in a rosette form, stiff and edged with small spines."
Aechmea tayoensis Gilmartin,-,5864,https://www.nparks.gov.sg/florafaunaweb/flora/5/8/5864,"Epiphyte, Herbaceous Plant","Full Sun, Semi Shade",Moderate Water,False,False,False,False,"A herbaceous shrub grows over 1.2 m in diameter, with a rosette growth form.","Orange, Red, Yellow / Golden","Spines/Thorns - Leaf, Spines/Thorns - Flower",-,Terrestrial,"Green, Red",-,3.5 (Shrub & Groundcover - Monocot),-,None,None,"Leaf blades are green and broad, and the leaf petioles are red and spiny. The foliage will develop red color in high light."
Aegiceras corniculatum (L.) Blanco,River Mangrove,5436,https://www.nparks.gov.sg/florafaunaweb/flora/5/4/5436,Tree,"Full Sun, Semi Shade",Lots of Water,False,True,True,True,6 m,White,-,Caterpillar Moth Food Plant,Shoreline (Mangrove Forest),Green,-,-,Moderate to Slow,-,-,None
Aegle marmelos,Bel,3292,https://www.nparks.gov.sg/florafaunaweb/flora/3/2/3292,Tree,Full Sun,Moderate Water,True,False,True,True,Moderate sized tree up to 15 m tall.,Green - Light Green,Spines/Thorns - Stem/Branch,Butterfly Host Plant (Leaves),Terrestrial (Monsoon Forest),Green,-,-,Moderate,"Trunk is thick, and covered with soft, flaking bark. Branches are sometimes spiny and young suckers have many stiff, straight spines.","Trunk is thick, and covered with soft, flaking bark. Branches are sometimes spiny and young suckers have many stiff, straight spines.",None
Aeonium 'Zwartkop',-,6335,https://www.nparks.gov.sg/florafaunaweb/flora/6/3/6335,-,Full Sun,"Little Water, Moderate Water",False,False,False,None,1 m to 1.5 m,Yellow / Golden,-,-,-,"Black, Purple",-,-,-,None,None,None
Aerides lawrenceae Rchb.f.,-,5838,https://www.nparks.gov.sg/florafaunaweb/flora/5/8/5838,Epiphyte,Full Sun,"Moderate Water, Occasional Misting",False,False,False,False,"A monopodial, epiphytic orchid, it is endemic to the Philippines.","The flower inflorescence is a raceme and dense with pendulous, arching growth habit. The purple and white flowers are long lasting and fragrant. The petals and sepals are white with purple tips while the spur is green.",-,-,Terrestrial,-,-,-,Fast to Moderate,None,None,The leaves are large and strap shaped.
Aerides odorata Lour.,香花指甲兰,5995,https://www.nparks.gov.sg/florafaunaweb/flora/5/9/5995,Epiphyte,Semi Shade,Lots of Water,False,False,False,True,"A stout, epiphytic orchid. It has a drooping, slightly pendulous growth form.","Pink, White, Yellow / Golden",-,-,Terrestrial,-,-,-,Moderate,None,None,The leaves are obtuse and unequally bilobed.
Aeschynanthus albidus Steud.,-,5019,https://www.nparks.gov.sg/florafaunaweb/flora/5/0/5019,"Climber, Epiphyte",Semi Shade,"Little Water, Moderate Water, Occasional Misting",False,True,False,False,"It is a slender, erect epiphyte.",Green,-,-,Terrestrial (Freshwater Swamp Forest),"Green, Purple",-,-,Moderate,None,None,"Its opposite, shortly stalked leaves are fleshy, lance shaped or lens shape with a pointed tip, dull green on the topside and purple on the underside, 7.6 - 10.2 cm long by 2.5 - 3.8 cm wide."
Aeschynanthus longicaulis Wall. ex R.Br.,Zebra vine,5555,https://www.nparks.gov.sg/florafaunaweb/flora/5/5/5555,"Climber, Epiphyte",Semi Shade,"Moderate Water, Occasional Misting",False,False,False,False,Shrubby epiphyte with stems to 40cm in length,"Brown, Green, Red, Yellow / Golden",-,Bird-Attracting (Flowers),Terrestrial,-,-,-,Moderate,None,None,"Leaves leathery, veins indistinct. Upper surface of leaves dark green with light green markings, under surface with purplish red - dark maroon mottling."
Aeschynanthus pulcher (Blume) G.Don,Lipstick Plant,1298,https://www.nparks.gov.sg/florafaunaweb/flora/1/2/1298,"Climber, Epiphyte",Semi Shade,"Moderate Water, Occasional Misting",False,True,False,False,0.5 m to 1 m,Red,-,Bird-Attracting (Flowers),Terrestrial (Primary Rainforest),Green,Green,-,Moderate,None,None,"Thick, fleshy leaves are elliptic or ovate with smooth leaf edges. They are oppositely arranged in pairs along long trailing stems. Leaves are smooth on the upper surface, with rarely sparsely pubescent on the undersides. Petiole 1-3 (sometimes up to 6) mm long. Leaf blades are dark green to purple, apex rounded to acuminate, base subcordate to cuneate."
Aeschynanthus pulcher (curly leaf),Lipstick Plant,1299,https://www.nparks.gov.sg/florafaunaweb/flora/1/2/1299,"Epiphyte, Shrub",Semi Shade,Moderate Water,False,False,False,False,0.5 m to 1 m,Red,-,Bird-Attracting (Flowers),Terrestrial,Green,Green,-,Fast to Moderate,None,None,"Thick, fleshy leaves are elliptic and tightly curled under. They occur in decussate leaf arrangement with adjacent leaf pairs perpendicular to one another. The upper surface is smooth and dark green with a prominent sunken midrib, while the lower surface is light green."
Aeschynanthus speciosus Hook.,Lipstick Vine,1300,https://www.nparks.gov.sg/florafaunaweb/flora/1/3/1300,"Climber, Epiphyte",Semi Shade,"Moderate Water, Occasional Misting",False,False,False,False,0.5 m to 0.8 m,"Red, Orange, Yellow / Golden",-,Bird-Attracting (Flowers),Terrestrial,Green,Green,-,Moderate,None,None,"Leaves green, thick leathery."
Aeschynanthus wallichii R.Br.,-,8429,https://www.nparks.gov.sg/florafaunaweb/flora/8/4/8429,Epiphyte,Semi Shade,Moderate Water,False,True,False,False,1 m,Red,-,Bird-Attracting (Flowers),"Terrestrial (Freshwater Swamp Forest, Primary Rainforest)",Green,Green - Light Green,-,Moderate,None,None,"Oppositely arranged, petiole is 5 - 12 mm long and smooth. Leaves are thick and leathery, ovate to elliptic, measuring 3 - 10 long by 0.8 - 5 cm wide. Leaf blade has acuminate apex and cuneate to subcordate base, entire leaf edges, smooth on both surfaces."
Afgekia mahidoliae B.L. Burtt & Chermsir.,Kan Phai Mahidol,3478,https://www.nparks.gov.sg/florafaunaweb/flora/3/4/3478,"Climber, Shrub",Full Sun,Moderate Water,False,False,False,False,5 m to 10 m,"Purple, White, Yellow / Golden",-,-,Terrestrial (Monsoon Forest),"Green, Silver / Grey",-,-,Moderate,None,None,"Leaves odd-pinnately compound, with 11 opposite leaflets per leaf. Leaflets broadly-oval (7.5cm by 4.3 cm), soft, densely pubescent on both surfaces and along margins, appearing silvery-green on top and pale green below. Young leaflets densely furry, appearing silver-white before unfolding, produced on tomentose twining stems."
Afgekia sericea Craib,Silky Afgekia,1301,https://www.nparks.gov.sg/florafaunaweb/flora/1/3/1301,"Climber, Shrub","Full Sun, Semi Shade",Moderate Water,False,False,False,False,5 m to 10 m,"Pink, White, Yellow / Golden",-,"Bee-Attracting, Butterfly-Attracting (Flower Nectar, Flower Pollen)",Terrestrial (Monsoon Forest),"Green, Silver / Grey","Silver / Grey, Green",-,Moderate,Lenticellate,None,"Leaves odd-pinnately compound, with 7-9 pairs of oblong to lanceolate leaflets arranged oppositely. Leaflets are 6.5cm by 2.5 cm, soft, green on top and pale green below, pubescent on both surfaces (more dense on the lower surface) and along margins. Young leaflets densely furry, appearing silver-white before unfolding, produced on tomentose twining stems."
Aganope heptaphylla (L.) Polhill,-,6537,https://www.nparks.gov.sg/florafaunaweb/flora/6/5/6537,"Climber, Shrub",Full Sun,Moderate Water,False,True,True,False,"It is a shrub, or sometimes taking the form of a woody climber.","Green - Light Green, White",-,-,"Terrestrial (Coastal Forest), Shoreline (Mangrove Forest, Sandy Beach)",Green,-,-,-,None,None,"Its spirally
arranged, stalked, imparipinnate leaves have 3, 5, 7 or 9 leathery leaflets
whose blades are egg-shaped to egg-shaped-oblong, hairless, and 10–12.5 by 5–7.5
cm."
